{
    "private": true,
    "theia": {
        "frontend": {
            "config": {
                "applicationName": "Theia Multi-Language Example",
                "preferences": {
                    "files.enableTrash": false
                }
            }
        }
    },
    "dependencies": {
        "@theia/callhierarchy": "latest",
        "@theia/core": "latest",
        "@theia/debug": "latest",
        "@theia/editor": "latest",
        "@theia/editor-preview": "latest",
        "@theia/file-search": "latest",
        "@theia/filesystem": "latest",
        "@theia/getting-started": "latest",
        "@theia/git": "latest",
        "@theia/json": "latest",
        "@theia/keymaps": "latest",
        "@theia/languages": "latest",
        "@theia/markers": "latest",
        "@theia/messages": "latest",
        "@theia/metrics": "latest",
        "@theia/mini-browser": "latest",
        "@theia/monaco": "latest",
        "@theia/navigator": "latest",
        "@theia/outline-view": "latest",
        "@theia/output": "latest",
        "@theia/plantuml": "latest",
        "@theia/plugin": "latest",
        "@theia/plugin-ext": "latest",
        "@theia/plugin-ext-vscode": "latest",
        "@theia/preferences": "latest",
        "@theia/preview": "latest",
        "@theia/process": "latest",
        "@theia/search-in-workspace": "latest",
        "@theia/task": "latest",
        "@theia/terminal": "latest",
        "@theia/userstorage": "latest",
        "@theia/variable-resolver": "latest",
        "@theia/vsx-registry": "latest",
        "@theia/workspace": "latest"
    },
    "resolutions": {
        "vscode-json-languageserver": "1.2.2",
        "vscode-languageserver-protocol": "3.15.0-next.9",
        "vscode-languageserver-types": "3.15.0-next.5",
        "**/vscode-json-languageserver/**/vscode-languageserver": "6.0.0-next.1",
        "**/moment": "2.24.0"
    },
    "devDependencies": {
        "@theia/cli": "latest"
    },
    "theiaPluginsDir": "plugins",
    "theiaPlugins": {
        "vscode-builtin-configuration-editing": "https://github.com/theia-ide/vscode-builtin-extensions/releases/download/v1.39.1-prel/configuration-editing-1.39.1-prel.vsix",
        "vscode-builtin-css": "https://github.com/theia-ide/vscode-builtin-extensions/releases/download/v1.39.1-prel/css-1.39.1-prel.vsix",
        "vscode-builtin-debug-auto-launch": "https://github.com/theia-ide/vscode-builtin-extensions/releases/download/v1.39.1-prel/debug-auto-launch-1.39.1-prel.vsix",
        "vscode-builtin-emmet": "https://github.com/theia-ide/vscode-builtin-extensions/releases/download/v1.39.1-prel/emmet-1.39.1-prel.vsix",
        "vscode-builtin-go": "https://github.com/theia-ide/vscode-builtin-extensions/releases/download/v1.39.1-prel/go-1.39.1-prel.vsix",
        "vscode-builtin-grunt": "https://github.com/theia-ide/vscode-builtin-extensions/releases/download/v1.39.1-prel/grunt-1.39.1-prel.vsix",
        "vscode-builtin-gulp": "https://github.com/theia-ide/vscode-builtin-extensions/releases/download/v1.39.1-prel/gulp-1.39.1-prel.vsix",
        "vscode-builtin-handlebars": "https://github.com/theia-ide/vscode-builtin-extensions/releases/download/v1.39.1-prel/handlebars-1.39.1-prel.vsix",
        "vscode-builtin-hlsl": "https://github.com/theia-ide/vscode-builtin-extensions/releases/download/v1.39.1-prel/hlsl-1.39.1-prel.vsix",
        "vscode-builtin-html": "https://github.com/theia-ide/vscode-builtin-extensions/releases/download/v1.39.1-prel/html-1.39.1-prel.vsix",
        "vscode-builtin-ini": "https://github.com/theia-ide/vscode-builtin-extensions/releases/download/v1.39.1-prel/ini-1.39.1-prel.vsix",
        "vscode-builtin-java": "https://github.com/theia-ide/vscode-builtin-extensions/releases/download/v1.39.1-prel/java-1.39.1-prel.vsix",
        "vscode-builtin-javascript": "https://github.com/theia-ide/vscode-builtin-extensions/releases/download/v1.39.1-prel/javascript-1.39.1-prel.vsix",
        "vscode-builtin-json": "https://github.com/theia-ide/vscode-builtin-extensions/releases/download/v1.39.1-prel/json-1.39.1-prel.vsix",
        "vscode-builtin-less": "https://github.com/theia-ide/vscode-builtin-extensions/releases/download/v1.39.1-prel/less-1.39.1-prel.vsix",
        "vscode-builtin-log": "https://github.com/theia-ide/vscode-builtin-extensions/releases/download/v1.39.1-prel/log-1.39.1-prel.vsix",
        "vscode-builtin-make": "https://github.com/theia-ide/vscode-builtin-extensions/releases/download/v1.39.1-prel/make-1.39.1-prel.vsix",
        "vscode-builtin-markdown": "https://github.com/theia-ide/vscode-builtin-extensions/releases/download/v1.39.1-prel/markdown-1.39.1-prel.vsix",
        "vscode-builtin-merge-conflicts": "https://github.com/theia-ide/vscode-builtin-extensions/releases/download/v1.39.1-prel/merge-conflict-1.39.1-prel.vsix",
        "vscode-builtin-npm": "https://github.com/theia-ide/vscode-builtin-extensions/releases/download/v1.39.1-prel/npm-1.39.1-prel.vsix",
        "vscode-builtin-node-debug": "https://github.com/theia-ide/vscode-node-debug/releases/download/v1.35.3/node-debug-1.35.3.vsix",
        "vscode-builtin-node-debug2": "https://github.com/theia-ide/vscode-node-debug2/releases/download/v1.33.0/node-debug2-1.33.0.vsix",
        "vscode-builtin-php": "https://github.com/theia-ide/vscode-builtin-extensions/releases/download/v1.39.1-prel/php-1.39.1-prel.vsix",
        "vscode-builtin-php-language-features": "https://github.com/theia-ide/vscode-builtin-extensions/releases/download/v1.39.1-prel/php-language-features-1.39.1-prel.vsix",
        "vscode-builtin-python": "https://github.com/theia-ide/vscode-builtin-extensions/releases/download/v1.39.1-prel/python-1.39.1-prel.vsix",
        "vscode-builtin-scss": "https://github.com/theia-ide/vscode-builtin-extensions/releases/download/v1.39.1-prel/scss-1.39.1-prel.vsix",
        "vscode-builtin-shellscript": "https://github.com/theia-ide/vscode-builtin-extensions/releases/download/v1.39.1-prel/shellscript-1.39.1-prel.vsix",
        "vscode-builtin-sql": "https://github.com/theia-ide/vscode-builtin-extensions/releases/download/v1.39.1-prel/sql-1.39.1-prel.vsix",
        "vscode-builtin-theme-abyss": "https://github.com/theia-ide/vscode-builtin-extensions/releases/download/v1.39.1-prel/theme-abyss-1.39.1-prel.vsix",
        "vscode-builtin-theme-defaults": "https://github.com/theia-ide/vscode-builtin-extensions/releases/download/v1.39.1-prel/theme-defaults-1.39.1-prel.vsix",
        "vscode-builtin-theme-kimbie-dark": "https://github.com/theia-ide/vscode-builtin-extensions/releases/download/v1.39.1-prel/theme-kimbie-dark-1.39.1-prel.vsix",
        "vscode-builtin-theme-monokai": "https://github.com/theia-ide/vscode-builtin-extensions/releases/download/v1.39.1-prel/theme-monokai-1.39.1-prel.vsix",
        "vscode-builtin-theme-dimmed": "https://github.com/theia-ide/vscode-builtin-extensions/releases/download/v1.39.1-prel/theme-monokai-dimmed-1.39.1-prel.vsix",
        "vscode-builtin-theme-quietlight": "https://github.com/theia-ide/vscode-builtin-extensions/releases/download/v1.39.1-prel/theme-quietlight-1.39.1-prel.vsix",
        "vscode-builtin-theme-red": "https://github.com/theia-ide/vscode-builtin-extensions/releases/download/v1.39.1-prel/theme-red-1.39.1-prel.vsix",
        "vscode-builtin-theme-solarized-dark": "https://github.com/theia-ide/vscode-builtin-extensions/releases/download/v1.39.1-prel/theme-solarized-dark-1.39.1-prel.vsix",
        "vscode-builtin-theme-tomorrow-night-blue": "https://github.com/theia-ide/vscode-builtin-extensions/releases/download/v1.39.1-prel/theme-tomorrow-night-blue-1.39.1-prel.vsix",
        "vscode-builtin-typescript": "https://github.com/theia-ide/vscode-builtin-extensions/releases/download/v1.39.1-prel/typescript-1.39.1-prel.vsix",
        "vscode-builtin-typescript-language-features": "https://github.com/theia-ide/vscode-builtin-extensions/releases/download/v1.39.1-prel/typescript-language-features-1.39.1-prel.vsix",
        "vscode-builtin-icon-theme-seti": "https://github.com/theia-ide/vscode-builtin-extensions/releases/download/v1.39.1-prel/vscode-theme-seti-1.39.1-prel.vsix",
        "vscode-builtin-xml": "https://github.com/theia-ide/vscode-builtin-extensions/releases/download/v1.39.1-prel/xml-1.39.1-prel.vsix",
        "vscode-builtin-yaml": "https://github.com/theia-ide/vscode-builtin-extensions/releases/download/v1.39.1-prel/yaml-1.39.1-prel.vsix",
        "vscode-editorconfig": "https://github.com/theia-ide/editorconfig-vscode/releases/download/v0.14.4/EditorConfig-0.14.4.vsix",
        "vscode-eslint": "https://github.com/theia-ide/vscode-eslint/releases/download/release%2F2.0.15/vscode-eslint-2.0.15.vsix",
        "vscode-go": "https://github.com/microsoft/vscode-go/releases/download/0.12.0/Go-0.12.0.vsix",
        "vscode-java-debug": "https://github.com/microsoft/vscode-java-debug/releases/download/0.24.0/vscjava.vscode-java-debug-0.24.0.vsix",
        "vscode-java-dependency-viewer": "https://github.com/microsoft/vscode-java-dependency/releases/download/0.6.0/vscode-java-dependency-0.6.0.vsix",
        "vscode-java-redhat": "https://github.com/redhat-developer/vscode-java/releases/download/v0.54.2/redhat.java-0.54.2.vsix",
        "vscode-java-test": "https://github.com/microsoft/vscode-java-test/releases/download/0.22.0/vscjava.vscode-java-test-0.22.0.vsix",
        "vscode-php-intellisense": "https://github.com/felixfbecker/vscode-php-intellisense/releases/download/v2.3.14/php-intellisense.vsix",
        "vscode-php-debug": "https://github.com/felixfbecker/vscode-php-debug/releases/download/v1.13.0/php-debug.vsix",
        "vscode-python": "https://github.com/microsoft/vscode-python/releases/download/2020.1.58038/ms-python-release.vsix"
    }
}