[{
    "fiscal_code": "AAAAAA00A00A000A",
    "subject": "Welcome new user !",
    "markdown": "# This is a markdown header\n\nto show how easily markdown can be converted to **HTML**\n\nRemember: this has to be a long text."
},{
    "fiscal_code": "DGRMLL66R65H769R",
    "subject": "Welcome Mirella Di Girolamo !",
    "markdown": "# This is a markdown header\n\nto show how easily markdown can be converted to **HTML**\n\nRemember: this has to be a long text.",
    "amount": 1,
    "notice_number": "000000000000000001"
}]
